"In Deutschland dürfen Menschen offen etwas gegen die Regierung sagen, weil …",hier Religionsfreiheit gilt.,die Menschen Steuern zahlen.,die Menschen das Wahlrecht haben.,hier Meinungsfreiheit gilt,hier Meinungsfreiheit gilt
"In Deutschland können Eltern bis zum 14. Lebensjahr ihres Kindes entscheiden, ob es in der Schule am …",Geschichtsunterricht teilnimmt.,Religionsunterricht teilnimmt.,Politikunterricht teilnimmt.,Sprachunterricht teilnimmt.,Religionsunterricht teilnimmt.
Deutschland ist ein Rechtsstaat. Was ist damit gemeint?,Alle Einwohnerinnen/Einwohner und der Staat müssen sich an die Gesetze halten.,Der Staat muss sich nicht an die Gesetze halten.,Nur Deutsche müssen die Gesetze befolgen.,Die Gerichte machen die Gesetze.,Alle Einwohnerinnen/Einwohner und der Staat müssen sich an die Gesetze halten.
Welches Recht gehört zu den Grundrechten in Deutschland?,Waffenbesitz,Faustrecht,Meinungsfreiheit,Selbstjustiz,Meinungsfreiheit
Wahlen in Deutschland sind frei. Was bedeutet das?,"Man darf Geld annehmen, wenn man dafür eine bestimmte Kandidatin/einen bestimmten Kandidaten wählt.","Nur Personen, die noch nie im Gefängnis waren, dürfen wählen.",Die Wählerin/der Wähler darf bei der Wahl weder beeinflusst noch zu einer bestimmten Stimmabgabe gezwungen werden und keine Nachteile durch die Wahl haben.,Alle wahlberechtigten Personen müssen wählen.,Die Wählerin/der Wähler darf bei der Wahl weder beeinflusst noch zu einer bestimmten Stimmabgabe gezwungen werden und keine Nachteile durch die Wahl haben.
Wie heißt die deutsche Verfassung?,Volksgesetz,Bundesgesetz,Deutsches Gesetz,Grundgesetz,Grundgesetz
"Welches Recht gehört zu den Grundrechten, die nach der deutschen Verfassung garantiert werden? Das Recht auf …",Glaubens- und Gewissensfreiheit,Unterhaltung,Arbeit,Wohnung,Glaubens- und Gewissensfreiheit
Was steht nicht im Grundgesetz von Deutschland?,Die Würde des Menschen ist unantastbar.,Alle sollen gleich viel Geld haben.,Jeder Mensch darf seine Meinung sagen.,Alle sind vor dem Gesetz gleich.,Alle sollen gleich viel Geld haben.
Welches Grundrecht gilt in Deutschland nur für Ausländerinnen/Ausländer? Das Grundrecht auf …,Schutz der Familie,Menschenwürde,Asyl,Meinungsfreiheit,Asyl
Was ist mit dem deutschen Grundgesetz vereinbar?,die Prügelstrafe,die Folter,die Todesstrafe,die Geldstrafe,die Geldstrafe
Wie wird die Verfassung der Bundesrepublik Deutschland genannt?,Grundgesetz,Bundesverfassung,Gesetzbuch,Verfassungsvertrag,Grundgesetz
Eine Partei im Deutschen Bundestag will die Pressefreiheit abschaffen. Ist das möglich?,"Ja, wenn mehr als die Hälfte der Abgeordneten im Bundestag dafür sind.","Ja, aber dazu müssen zwei Drittel der Abgeordneten im Bundestag dafür sein.","Nein, denn die Pressefreiheit ist ein Grundrecht. Sie kann nicht abgeschafft werden.","Nein, denn nur der Bundesrat kann die Pressefreiheit abschaffen.","Nein, denn die Pressefreiheit ist ein Grundrecht. Sie kann nicht abgeschafft werden."
"Im Parlament steht der Begriff ""Opposition"" für …",die regierenden Parteien.,die Fraktion mit den meisten Abgeordneten.,"alle Parteien, die bei der letzten Wahl die 5%-Hürde erreichen konnten.","alle Abgeordneten, die nicht zu der Regierungspartei/den Regierungsparteien gehören.","alle Abgeordneten, die nicht zu der Regierungspartei/den Regierungsparteien gehören."
"Meinungsfreiheit in Deutschland heißt, dass ich …",Passanten auf der Straße beschimpfen darf.,meine Meinung in Leserbriefen äußern kann.,Nazi-Symbole tragen darf.,"meine Meinung sagen darf, solange ich der Regierung nicht widerspreche.",meine Meinung in Leserbriefen äußern kann.
Was verbietet das deutsche Grundgesetz?,Militärdienst,Zwangsarbeit,freie Berufswahl,Arbeit im Ausland,Zwangsarbeit
Wann ist die Meinungsfreiheit in Deutschland eingeschränkt?,bei der öffentlichen Verbreitung falscher Behauptungen über einzelne Personen,bei Meinungsäußerungen über die Bundesregierung,bei Diskussionen über Religionen,bei Kritik am Staat,bei der öffentlichen Verbreitung falscher Behauptungen über einzelne Personen
Die deutschen Gesetze verbieten …,Meinungsfreiheit der Einwohnerinnen und Einwohner.,Petitionen der Bürgerinnen und Bürger.,Versammlungsfreiheit der Einwohnerinnen und Einwohner.,Ungleichbehandlung der Bürgerinnen und Bürger durch den Staat.,Ungleichbehandlung der Bürgerinnen und Bürger durch den Staat.
Welches Grundrecht ist in Artikel 1 des Grundgesetzes der Bundesrepublik Deutschland garantiert?,die Unantastbarkeit der Menschenwürde,das Recht auf Leben,Religionsfreiheit,Meinungsfreiheit,die Unantastbarkeit der Menschenwürde
"Was versteht man unter dem Recht der ""Freizügigkeit"" in Deutschland?",Man darf sich seinen Wohnort selbst aussuchen.,Man kann seinen Beruf wechseln.,Man darf sich für eine andere Religion entscheiden.,Man darf sich in der Öffentlichkeit nur leicht bekleidet bewegen.,Man darf sich seinen Wohnort selbst aussuchen.
"Eine Partei in Deutschland verfolgt das Ziel, eine Diktatur zu errichten. Sie ist dann …",tolerant,rechtsstaatlich orientiert,gesetzestreu,verfassungswidrig,verfassungswidrig
Welches ist das Wappen der Bundesrepublik Deutschland?,Bild 1,Bild 2,Bild 3,Bild 4,kein
Was für eine Staatsform hat Deutschland?,Monarchie,Diktatur,Republik,Fürstentum,Republik
In Deutschland sind die meisten Erwerbstätigen …,bei einer Firma oder Behörde beschäftigt.,in kleinen Familienunternehmen beschäftigt.,ehrenamtlich für ein Bundesland tätig.,selbstständig mit einer eigenen Firma tätig.,bei einer Firma oder Behörde beschäftigt.
Wie viele Bundesländer hat die Bundesrepublik Deutschland?,14,15,16,17,16
Was ist kein Bundesland der Bundesrepublik Deutschland?,Elsass-Lothringen,Nordrhein-Westfalen,Mecklenburg-Vorpommern,Sachsen-Anhalt,Elsass-Lothringen
Deutschland ist …,ein kommunistische Republik.,ein demokratischer und sozialer Bundesstaat.,eine kapitalistische und soziale Monarchie.,ein sozialer und sozialistischer Bundesstaat.,ein demokratischer und sozialer Bundesstaat.
Deutschland ist …,ein sozialistischer Staat.,ein Bundesstaat.,eine Diktatur.,eine Monarchie.,ein Bundesstaat.
Wer wählt in Deutschland die Abgeordneten zum Bundestag?,das Militär,die Wirtschaft,das wahlberechtigte Volk,die Verwaltung,das wahlberechtigte Volk
Welches Tier ist das Wappentier der Bundesrepublik Deutschland?,Löwe,Adler,Bär,Pferd,Adler
Was ist kein Merkmal unserer Demokratie?,regelmäßige Wahlen,Pressezensur,Meinungsfreiheit,verschiedene Parteien,Pressezensur
Die Zusammenarbeit von Parteien zur Bildung einer Regierung nennt man in Deutschland …,Einheit,Koalition,Ministerium,Fraktion,Koalition
Was ist keine staatliche Gewalt in Deutschland?,Gesetzgebung,Regierung,Presse,Rechtsprechung,Presse
Welche Aussage ist richtig? In Deutschland …,sind Staat und Religionsgemeinschaften voneinander getrennt.,bilden die Religionsgemeinschaften den Staat.,ist der Staat abhängig von den Religionsgemeinschaften.,bilden Staat und Religionsgemeinschaften eine Einheit.,sind Staat und Religionsgemeinschaften voneinander getrennt.
Was ist Deutschland nicht?,eine Demokratie,ein Rechtsstaat,eine Monarchie,ein Sozialstaat,eine Monarchie
Womit finanziert der deutsche Staat die Sozialversicherung?,Kirchensteuer,Sozialabgaben,Spendengeldern,Vereinsbeiträgen,Sozialabgaben
Welche Maßnahme schafft in Deutschland soziale Sicherheit?,die Krankenversicherung,die Autoversicherung,die Gebäudeversicherung,die Haftpflichtversicherung,die Krankenversicherung
Wie werden die Regierungschefinnen/Regierungschefs der meisten Bundesländer in Deutschland genannt?,Erste Ministerin/Erster Minister,Premierministerin/Premierminister,Senatorin/Senator,Ministerpräsidentin/Ministerpräsident,Ministerpräsidentin/Ministerpräsident
Die Bundesrepublik Deutschland ist ein demokratischer und sozialer …,Staatenverbund,Bundesstaat,Staatenbund,Zentralstaat,Bundesstaat
Was hat jedes deutsche Bundesland?,eine eigene Außenministerin/einen eigenen Außenminister,eine eigene Währung,eine eigene Armee,eine eigene Regierung,eine eigene Regierung
Mit welchen Worten beginnt die deutsche Nationalhymne?,"Völker, hört die Signale …",Einigkeit und Recht und Freiheit …,Freude schöner Götterfunken …,Deutschland einig Vaterland …,Einigkeit und Recht und Freiheit …
Warum gibt es in einer Demokratie mehr als eine Partei?,weil dadurch die unterschiedlichen Meinungen der Bürgerinnen und Bürger vertreten werden,damit Bestechung in der Politik begrenzt wird,um politische Demonstrationen zu verhindern,um wirtschaftlichen Wettbewerb anzuregen,weil dadurch die unterschiedlichen Meinungen der Bürgerinnen und Bürger vertreten werden
Wer beschließt in Deutschland ein neues Gesetz?,die Regierung,das Parlament,die Gerichte,die Polizei,das Parlament
Wann kann in Deutschland eine Partei verboten werden?,wenn ihr Wahlkampf zu teuer ist,wenn sie gegen die Verfassung kämpft,wenn sie Kritik am Staatsoberhaupt äußert,wenn ihr Programm eine neue Richtung vorschlägt,wenn sie gegen die Verfassung kämpft
Wen kann man als Bürgerin/Bürger in Deutschland nicht direkt wählen?,Abgeordnete des EU-Parlaments,Die Bundespräsidentin/den Bundespräsidenten,Landtagsabgeordnete,Bundestagsabgeordnete,Die Bundespräsidentin/den Bundespräsidenten
Zu welcher Versicherung gehört die Pflegeversicherung?,Sozialversicherung,Unfallversicherung,Hausratsversicherung,Haftpflicht- und Feuerversicherung,Sozialversicherung
Der deutsche Staat hat viele Aufgaben. Welche Aufgabe gehört dazu?,Er baut Straßen und Schulen.,Er verkauft Lebensmittel und Kleidung.,Er versorgt alle Einwohnerinnen und Einwohner kostenlos mit Zeitungen.,Er produziert Autos und Busse.,Er baut Straßen und Schulen.
Der deutsche Staat hat viele Aufgaben. Welche Aufgabe gehört nicht dazu?,Er bezahlt für alle Staatsangehörigen Urlaubsreisen.,Er zahlt Kindergeld.,Er unterstützt Museen.,Er fördert Sportlerinnen und Sportler.,Er bezahlt für alle Staatsangehörigen Urlaubsreisen.
Welches Organ gehört nicht zu den Verfassungsorganen Deutschlands?,der Bundesrat,die Bundespräsidentin/der Bundespräsident,die Bürgerversammlung,die Regierung,die Bürgerversammlung
Wer bestimmt in Deutschland die Schulpolitik?,die Lehrer und Lehrerinnen,die Bundesländer,das Familienministerium,die Universitäten,die Bundesländer
Die Wirtschaftsform in Deutschland nennt man …,freie Zentralwirtschaft,soziale Marktwirtschaft,gelenkte Zentralwirtschaft,Planwirtschaft,soziale Marktwirtschaft
"Zu einem demokratischen Rechtsstaat gehört es nicht, dass …",Menschen sich kritisch über die Regierung äußern können.,Bürger friedlich demonstrieren gehen dürfen.,Menschen von einer Privatpolizei ohne Grund verhaftet werden.,jemand ein Verbrechen begeht und deshalb verhaftet wird.,Menschen von einer Privatpolizei ohne Grund verhaftet werden.
"Was bedeutet ""Volkssouveränität""? Alle Staatsgewalt geht vom ...",Volke aus.,Bundestag aus.,preußischen König aus.,Bundesverfassungsgericht aus.,Volke aus.
"Was bedeutet ""Rechtsstaat"" in Deutschland?",Der Staat hat Recht.,Es gibt nur rechte Parteien.,Die Bürgerinnen und Bürger entscheiden über Gesetze.,Der Staat muss die Gesetze einhalten.,Der Staat muss die Gesetze einhalten.
Was ist keine staatliche Gewalt in Deutschland?,Legislative,Judikative,Exekutive,Direktive,Direktive
Was zeigt dieses Bild?,den Bundestagssitz in Berlin,das Bundesverfassungsgericht in Karlsruhe,das Bundesratsgebäude in Berlin,das Bundeskanzleramt in Berlin,den Bundestagssitz in Berlin
Welches Amt gehört in Deutschland zur Gemeindeverwaltung?,Pfarramt,Ordnungsamt,Finanzamt,Auswärtiges Amt,Ordnungsamt
Wer wird meistens zur Präsidentin/zum Präsidenten des Deutschen Bundestages gewählt?,die/der älteste Abgeordnete im Parlament,die Ministerpräsidentin/der Ministerpräsident des größten Bundeslandes,eine ehemalige Bundeskanzlerin/ein ehemaliger Bundeskanzler,eine Abgeordnete/ein Abgeordneter der stärksten Fraktion,eine Abgeordnete/ein Abgeordneter der stärksten Fraktion
Wer ernennt in Deutschland die Ministerinnen/die Minister der Bundesregierung?,die Präsidentin/der Präsident des Bundesverfassungsgerichtes,die Bundespräsidentin/der Bundespräsident,die Bundesratspräsidentin/der Bundesratspräsident,die Bundestagspräsidentin/der Bundestagspräsident,die Bundespräsidentin/der Bundespräsident
"Welche Parteien wurden in Deutschland 2007 zur Partei ""Die Linke""?",CDU und SSW,PDS und WASG,CSU und FDP,Bündnis 90/Die Grünen und SPD,PDS und WASG
In Deutschland gehören der Bundestag und der Bundesrat zur …,Exekutive,Legislative,Direktive,Judikative,Legislative
"Was bedeutet ""Volkssouveränität""?",Die Königin/der König herrscht über das Volk.,Das Bundesverfassungsgericht steht über der Verfassung.,Die Interessenverbände üben die Souveränität zusammen mit der Regierung aus.,Die Staatsgewalt geht vom Volke aus.,Die Staatsgewalt geht vom Volke aus.
"Wenn das Parlament eines deutschen Bundeslandes gewählt wird, nennt man das …",Kommunalwahl,Landtagswahl,Europawahl,Bundestagswahl,Landtagswahl
Was gehört in Deutschland nicht zur Exekutive?,die Polizei,die Gerichte,das Finanzamt,die Ministerien,die Gerichte
Die Bundesrepublik Deutschland ist heute gegliedert in …,vier Besatzungszonen.,einen Oststaat und einen Weststaat.,16 Kantone.,"Bund, Länder und Kommunen.","Bund, Länder und Kommunen."
"Es gehört nicht zu den Aufgaben des Deutschen Bundestages, …",Gesetze zu entwerfen.,die Bundesregierung zu kontrollieren.,die Bundeskanzlerin/den Bundeskanzler zu wählen.,das Bundeskabinett zu bilden.,das Bundeskabinett zu bilden.
Wer schrieb den Text zur deutschen Nationalhymne?,Friedrich von Schiller,Clemens Brentano,Johann Wolfgang von Goethe,Heinrich Hoffmann von Fallersleben,Heinrich Hoffmann von Fallersleben
Was ist in Deutschland vor allem eine Aufgabe der Bundesländer?,Verteidigungspolitik,Außenpolitik,Wirtschaftspolitik,Schulpolitik,Schulpolitik
Warum kontrolliert der Staat in Deutschland das Schulwesen?,weil es in Deutschland nur staatliche Schulen gibt,weil alle Schülerinnen und Schüler einen Schulabschluss haben müssen,weil es in den Bundesländern verschiedene Schulen gibt,weil es nach dem Grundgesetz seine Aufgabe ist,weil es nach dem Grundgesetz seine Aufgabe ist
Die Bundesrepublik Deutschland hat einen dreistufigen Verwaltungsaufbau. Wie heißt die unterste politische Stufe?,Stadträte,Landräte,Gemeinden,Bezirksämter,Gemeinden
Der deutsche Bundespräsident Gustav Heinemann gibt Helmut Schmidt 1974 die Ernennungsurkunde zum deutschen Bundeskanzler. Was gehört zu den Aufgaben der deutschen Bundespräsidentin/des deutschen Bundespräsidenten?,Sie/Er führt die Regierungsgeschäfte.,Sie/Er kontrolliert die Regierungspartei.,Sie/Er wählt die Ministerinnen/Minister aus.,Sie/Er schlägt die Kanzlerin/den Kanzler zur Wahl vor.,Sie/Er schlägt die Kanzlerin/den Kanzler zur Wahl vor.
Wo hält sich die deutsche Bundeskanzlerin/der deutsche Bundeskanzler am häufigsten auf? Am häufigsten ist sie/er …,"in Bonn, weil sich dort das Bundeskanzleramt und der Bundestag befinden.","auf Schloss Meseberg, dem Gästehaus der Bundesregierung, um Staatsgäste zu empfangen.","auf Schloss Bellevue, dem Amtssitz der Bundespräsidentin/des Bundespräsidenten, um Staatsgäste zu empfangen.","in Berlin, weil sich dort das Bundeskanzleramt und der Bundestag befinden.","in Berlin, weil sich dort das Bundeskanzleramt und der Bundestag befinden."
Wie heißt die jetzige Bundeskanzlerin/der jetzige Bundeskanzler von Deutschland?,Gerhard Schröder,Angela Merkel,Franziska Giffey,Olaf Scholz,Olaf Scholz
Die beiden größten Fraktionen im Deutschen Bundestag heißen zurzeit …,CDU/CSU und SPD,Die Linke und Bündnis 90/Die Grünen,FDP und SPD,Die Linke und FDP,CDU/CSU und SPD
Wie heißt das Parlament für ganz Deutschland?,Bundesversammlung,Volkskammer,Bundestag,Bundesgerichtshof,Bundestag
Wie heißt Deutschlands heutiges Staatsoberhaupt?,Frank-Walter Steinmeier,Bärbel Bas,Bodo Ramelow,Joachim Gauck,Frank-Walter Steinmeier
Was bedeutet die Abkürzung CDU in Deutschland?,Christliche Deutsche Union,Club Deutscher Unternehmer,Christlicher Deutscher Umweltschutz,Christlich Demokratische Union,Christlich Demokratische Union
Was ist die Bundeswehr?,die deutsche Polizei,ein deutscher Hafen,eine deutsche Bürgerinitiative,die deutsche Armee,die deutsche Armee
Was bedeutet die Abkürzung SPD?,Sozialistische Partei Deutschlands,Sozialpolitische Partei Deutschlands,Sozialdemokratische Partei Deutschlands,Sozialgerechte Partei Deutschlands,Sozialdemokratische Partei Deutschlands
Was bedeutet die Abkürzung FDP in Deutschland?,Friedliche Demonstrative Partei,Freie Deutschland Partei,Führende Demokratische Partei,Freie Demokratische Partei,Freie Demokratische Partei
Welches Gericht in Deutschland ist zuständig für die Auslegung des Grundgesetzes?,Oberlandesgericht,Amtsgericht,Bundesverfassungsgericht,Verwaltungsgericht,Bundesverfassungsgericht
Wer wählt die Bundeskanzlerin/den Bundeskanzler in Deutschland?,der Bundesrat,die Bundesversammlung,das Volk,der Bundestag,der Bundestag
Wer leitet das deutsche Bundeskabinett?,die Bundestagspräsidentin/der Bundestagspräsident,die Bundespräsidentin/der Bundespräsident,die Bundesratspräsidentin/der Bundesratspräsident,die Bundeskanzlerin/der Bundeskanzler,die Bundeskanzlerin/der Bundeskanzler
Wer wählt die deutsche Bundeskanzlerin/den deutschen Bundeskanzler?,das Volk,die Bundesversammlung,der Bundestag,die Bundesregierung,der Bundestag
Welche Hauptaufgabe hat die deutsche Bundespräsidentin/der deutsche Bundespräsident? Sie/Er …,regiert das Land.,entwirft die Gesetze.,repräsentiert das Land.,überwacht die Einhaltung der Gesetze.,repräsentiert das Land.
Wer bildet den deutschen Bundesrat?,die Abgeordneten des Bundestages,die Ministerinnen und Minister der Bundesregierung,die Regierungsvertreter der Bundesländer,die Parteimitglieder,die Regierungsvertreter der Bundesländer
Wer wählt in Deutschland die Bundespräsidentin/den Bundespräsidenten?,die Bundesversammlung,der Bundesrat,das Bundesparlament,das Bundesverfassungsgericht,die Bundesversammlung
Wer ist das Staatsoberhaupt der Bundesrepublik Deutschland?,die Bundeskanzlerin/der Bundeskanzler,die Bundespräsidentin/der Bundespräsident,die Bundesratspräsidentin/der Bundesratspräsident,die Bundestagspräsidentin/der Bundestagspräsident,die Bundespräsidentin/der Bundespräsident
Die parlamentarische Opposition im Deutschen Bundestag …,kontrolliert die Regierung.,"entscheidet, wer Bundesministerin/Bundesminister wird.","bestimmt, wer im Bundesrat sitzt.",schlägt die Regierungschefinnen/Regierungschefs der Länder vor.,kontrolliert die Regierung.
Wie nennt man in Deutschland die Vereinigung von Abgeordneten einer Partei im Parlament?,Verband,Ältestenrat,Fraktion,Opposition,Fraktion
Die deutschen Bundesländer wirken an der Gesetzgebung des Bundes mit durch …,den Bundesrat,die Bundesversammlung,den Bundestag,die Bundesregierung,den Bundesrat
In Deutschland kann ein Regierungswechsel in einem Bundesland Auswirkungen auf die Bundespolitik haben. Das Regieren wird …,"schwieriger, wenn sich dadurch die Mehrheit im Bundestag ändert.","leichter, wenn dadurch neue Parteien in den Bundesrat kommen.","schwieriger, wenn dadurch die Mehrheit im Bundesrat verändert wird.","leichter, wenn es sich um ein reiches Bundesland handelt.","schwieriger, wenn dadurch die Mehrheit im Bundesrat verändert wird."
Was bedeutet die Abkürzung CSU in Deutschland?,Christlich Sichere Union,Christlich Süddeutsche Union,Christlich Sozialer Unternehmerverband,Christlich Soziale Union,Christlich Soziale Union
"Je mehr ""Zweitstimmen"" eine Partei bei einer Bundestagswahl bekommt, desto …",weniger Erststimmen kann sie haben.,mehr Direktkandidaten der Partei ziehen ins Parlament ein.,"größer ist das Risiko, eine Koalition bilden zu müssen.",mehr Sitze erhält die Partei im Parlament.,mehr Sitze erhält die Partei im Parlament.
Ab welchem Alter darf man in Deutschland an der Wahl zum Deutschen Bundestag teilnehmen?,16,18,21,23,18
Was gilt für die meisten Kinder in Deutschland?,Wahlpflicht,Schulpflicht,Schweigepflicht,Religionspflicht,Schulpflicht
Was muss jede deutsche Staatsbürgerin/jeder deutsche Staatsbürger ab dem 16. Lebensjahr besitzen?,einen Reisepass,einen Personalausweis,einen Sozialversicherungsausweis,einen Führerschein,einen Personalausweis
"Was bezahlt man in Deutschland automatisch, wenn man fest angestellt ist?",Sozialversicherung,Sozialhilfe,Kindergeld,Wohngeld,Sozialversicherung
"Wenn Abgeordnete im Deutschen Bundestag ihre Fraktion wechseln, …",dürfen sie nicht mehr an den Sitzungen des Parlaments teilnehmen.,kann die Regierung ihre Mehrheit verlieren.,muss die Bundespräsidentin/der Bundespräsident zuvor ihr/sein Einverständnis geben.,dürfen die Wählerinnen/Wähler dieser Abgeordneten noch einmal wählen.,kann die Regierung ihre Mehrheit verlieren.
Wer bezahlt in Deutschland die Sozialversicherungen?,Arbeitgeberinnen/Arbeitgeber und Arbeitnehmerinnen/Arbeitnehmer,nur Arbeitnehmerinnen/Arbeitnehmer,alle Staatsangehörigen,nur Arbeitgeberinnen/Arbeitgeber,Arbeitgeberinnen/Arbeitgeber und Arbeitnehmerinnen/Arbeitnehmer
Was gehört nicht zur gesetzlichen Sozialversicherung?,die Lebensversicherung,die gesetzliche Rentenversicherung,die Arbeitslosenversicherung,die Pflegeversicherung,die Lebensversicherung
Gewerkschaften sind Interessenverbände der …,Jugendlichen.,Arbeitnehmerinnen und Arbeitnehmer.,Rentnerinnen und Rentner.,Arbeitgeberinnen und Arbeitgeber.,Arbeitnehmerinnen und Arbeitnehmer.
"Womit kann man in der Bundesrepublik Deutschland geehrt werden, wenn man auf politischem, wirtschaftlichem, kulturellem, geistigem oder sozialem Gebiet eine besondere Leistung erbracht hat? Mit dem …",Bundesverdienstkreuz,Bundesadler,Vaterländischen Verdienstorden,"Ehrentitel ""Held der Deutschen Demokratischen Republik""",Bundesverdienstkreuz
"Was wird in Deutschland als ""Ampelkoalition"" bezeichnet? Die Zusammenarbeit …",der Bundestagsfraktionen von CDU und CSU,"von SPD, FDP und Bündnis 90/Die Grünen in einer Regierung","von CSU, Die LINKE und Bündnis 90/Die Grünen in einer Regierung",der Bundestagsfraktionen von CDU und SPD,"von SPD, FDP und Bündnis 90/Die Grünen in einer Regierung"
Eine Frau in Deutschland verliert ihre Arbeit. Was darf nicht der Grund für diese Entlassung sein?,Die Frau ist lange krank und arbeitsunfähig.,Die Frau kam oft zu spät zur Arbeit.,Die Frau erledigt private Sachen während der Arbeitszeit.,Die Frau bekommt ein Kind und ihr Chef weiß das.,Die Frau bekommt ein Kind und ihr Chef weiß das.
Was ist eine Aufgabe von Wahlhelferinnen/Wahlhelfern in Deutschland?,Sie helfen alten Menschen bei der Stimmabgabe in der Wahlkabine.,Sie schreiben die Wahlbenachrichtigungen vor der Wahl.,Sie geben Zwischenergebnisse an die Medien weiter.,Sie zählen die Stimmen nach dem Ende der Wahl.,Sie zählen die Stimmen nach dem Ende der Wahl.
In Deutschland helfen ehrenamtliche Wahlhelferinnen und Wahlhelfer bei den Wahlen. Was ist eine Aufgabe von Wahlhelferinnen/Wahlhelfern?,Sie helfen Kindern und alten Menschen beim Wählen.,Sie schreiben Karten und Briefe mit der Angabe des Wahllokals.,Sie geben Zwischenergebnisse an Journalisten weiter.,Sie zählen die Stimmen nach dem Ende der Wahl.,Sie zählen die Stimmen nach dem Ende der Wahl.
Für wie viele Jahre wird der Bundestag in Deutschland gewählt?,2 Jahre,4 Jahre,6 Jahre,8 Jahre,4 Jahre
"Bei einer Bundestagswahl in Deutschland darf jede/jeder wählen, die/der …",in der Bundesrepublik Deutschland wohnt und wählen möchte.,Bürgerin/Bürger der Bundesrepublik Deutschland ist und mindestens 18 Jahre alt ist.,seit mindestens 3 Jahren in der Bundesrepublik Deutschland lebt.,Bürgerin/Bürger der Bundesrepublik Deutschland ist und mindestens 21 Jahre alt ist.,Bürgerin/Bürger der Bundesrepublik Deutschland ist und mindestens 18 Jahre alt ist.
Wie oft gibt es normalerweise Bundestagswahlen in Deutschland?,alle drei Jahre,alle vier Jahre,alle fünf Jahre,alle sechs Jahre,alle vier Jahre
Für wie viele Jahre wird der Bundestag in Deutschland gewählt?,2 Jahre,3 Jahre,4 Jahre,5 Jahre,4 Jahre
In Deutschland darf man wählen. Was bedeutet das?,"Alle deutschen Staatsangehörigen dürfen wählen, wenn sie das Mindestalter erreicht haben.",Nur verheiratete Personen dürfen wählen.,Nur Personen mit einem festen Arbeitsplatz dürfen wählen.,Alle Einwohnerinnen und Einwohner in Deutschland müssen wählen.,"Alle deutschen Staatsangehörigen dürfen wählen, wenn sie das Mindestalter erreicht haben."
Die Wahlen in Deutschland sind …,speziell.,geheim.,berufsbezogen.,geschlechtsabhängig.,geheim.
"Wahlen in Deutschland gewinnt die Partei, die …",die meisten Stimmen bekommt.,die meisten Männer mehrheitlich gewählt haben.,die meisten Stimmen bei den Arbeiterinnen/Arbeitern bekommen hat.,die meisten Erststimmen für ihre Kanzlerkandidatin/ihren Kanzlerkandidaten erhalten hat.,die meisten Stimmen bekommt.
An demokratischen Wahlen in Deutschland teilzunehmen ist …,eine Pflicht.,ein Recht.,ein Zwang.,eine Last.,ein Recht.
"Was bedeutet ""aktives Wahlrecht"" in Deutschland?",Man kann gewählt werden.,Man muss wählen gehen.,Man kann wählen.,Man muss zur Auszählung der Stimmen gehen.,Man kann wählen.
"Wenn Sie bei einer Bundestagswahl in Deutschland wählen dürfen, heißt das …",aktive Wahlkampagne.,aktives Wahlverfahren.,aktiver Wahlkampf.,aktives Wahlrecht.,aktive Wahlkampagne.
"Wie viel Prozent der Zweitstimmen müssen Parteien mindestens bekommen, um in den Deutschen Bundestag gewählt zu werden?",3%,4%,5%,6%,5%
Was regelt das Wahlrecht in Deutschland?,"Wer wählen darf, muss wählen.","Alle die wollen, können wählen.","Wer nicht wählt, verliert das Recht zu wählen.","Wer wählen darf, kann wählen.","Wer wählen darf, kann wählen."
Wahlen in Deutschland sind frei. Was bedeutet das?,Alle verurteilten Straftäterinnen/Straftäter dürfen nicht wählen.,"Wenn ich wählen gehen möchte, muss meine Arbeitgeberin/mein Arbeitgeber mir frei geben.","Jede Person kann ohne Zwang entscheiden, ob sie wählen möchte und wen sie wählen möchte.","Ich kann frei entscheiden, wo ich wählen gehen möchte.","Jede Person kann ohne Zwang entscheiden, ob sie wählen möchte und wen sie wählen möchte."
Das Wahlsystem in Deutschland ist ein …,Zensuswahlrecht.,Dreiklassenwahlrecht.,Mehrheits- und Verhältniswahlrecht.,allgemeines Männerwahlrecht.,Mehrheits- und Verhältniswahlrecht.
Eine Partei möchte in den Deutschen Bundestag. Sie muss aber einen Mindestanteil an Wählerstimmen haben. Das heißt …,5%-Hürde.,Zulassungsgrenze.,Basiswert.,Richtlinie.,5%-Hürde.
Welchem Grundsatz unterliegen Wahlen in Deutschland? Wahlen in Deutschland sind …,"frei, gleich, geheim.","offen, sicher, frei.","geschlossen, gleich, sicher.","sicher, offen, freiwillig.","frei, gleich, geheim."
"Was ist in Deutschland die ""5%-Hürde""?",Abstimmungsregelung im Bundestag für kleine Parteien,Anwesenheitskontrolle im Bundestag für Abstimmungen,"Mindestanteil an Wählerstimmen, um ins Parlament zu kommen",Anwesenheitskontrolle im Bundesrat für Abstimmungen,"Mindestanteil an Wählerstimmen, um ins Parlament zu kommen"
Die Bundestagswahl in Deutschland ist die Wahl …,der Bundeskanzlerin/des Bundeskanzlers.,der Parlamente der Länder.,des Parlaments für Deutschland.,der Bundespräsidentin/des Bundespräsidenten.,des Parlaments für Deutschland.
"In einer Demokratie ist eine Funktion von regelmäßigen Wahlen, …","die Bürgerinnen und Bürger zu zwingen, ihre Stimme abzugeben.",nach dem Willen der Wählermehrheit den Wechsel der Regierung zu ermöglichen.,im Land bestehende Gesetze beizubehalten.,den Armen mehr Macht zu geben.,nach dem Willen der Wählermehrheit den Wechsel der Regierung zu ermöglichen.
Was bekommen wahlberechtigte Bürgerinnen und Bürger in Deutschland vor einer Wahl?,eine Wahlbenachrichtigung von der Gemeinde,eine Wahlerlaubnis von der Bundespräsidentin/von dem Bundespräsidenten,eine Benachrichtigung von der Bundesversammlung,eine Benachrichtigung vom Pfarramt,eine Wahlbenachrichtigung von der Gemeinde
"Warum gibt es die 5%-Hürde im Wahlgesetz der Bundesrepublik Deutschland? Es gibt sie, weil …",die Programme von vielen kleinen Parteien viele Gemeinsamkeiten haben.,die Bürgerinnen und Bürger bei vielen kleinen Parteien die Orientierung verlieren können.,viele kleine Parteien die Regierungsbildung erschweren.,"die kleinen Parteien nicht so viel Geld haben, um die Politikerinnen und Politiker zu bezahlen.",viele kleine Parteien die Regierungsbildung erschweren.
"Parlamentsmitglieder, die von den Bürgerinnen und Bürgern gewählt werden, nennt man …",Abgeordnete.,Kanzlerinnen/Kanzler.,Botschafterinnen/Botschafter.,Ministerpräsidentinnen/Ministerpräsidenten.,Abgeordnete.
Vom Volk gewählt wird in Deutschland …,die Bundeskanzlerin/der Bundeskanzler.,die Ministerpräsidentin/der Ministerpräsident eines Bundeslandes.,der Bundestag.,die Bundespräsidentin/der Bundespräsident.,der Bundestag.
Welcher Stimmzettel wäre bei einer Bundestagswahl gültig?,1,2,3,4,1
In Deutschland ist eine Bürgermeisterin/ein Bürgermeister …,die Leiterin/der Leiter einer Schule.,die Chefin/der Chef einer Bank.,das Oberhaupt einer Gemeinde.,die/der Vorsitzende einer Partei.,das Oberhaupt einer Gemeinde.
Viele Menschen in Deutschland arbeiten in ihrer Freizeit ehrenamtlich. Was bedeutet das?,Sie arbeiten als Soldatinnen/Soldaten.,Sie arbeiten freiwillig und unbezahlt in Vereinen und Verbänden.,Sie arbeiten in der Bundesregierung.,Sie arbeiten in einem Krankenhaus und verdienen dabei Geld.,Sie arbeiten freiwillig und unbezahlt in Vereinen und Verbänden.
Was ist bei Bundestags- und Landtagswahlen in Deutschland erlaubt?,Der Ehemann wählt für seine Frau mit.,Man kann durch Briefwahl seine Stimme abgeben.,Man kann am Wahltag telefonisch seine Stimme abgeben.,Kinder ab dem Alter von 14 Jahren dürfen wählen.,Man kann durch Briefwahl seine Stimme abgeben.
"Man will die Buslinie abschaffen, mit der Sie immer zur Arbeit fahren. Was können Sie machen, um die Buslinie zu erhalten?",Ich beteilige mich an einer Bürgerinitiative für die Erhaltung der Buslinie oder gründe selber eine Initiative.,Ich werde Mitglied in einem Sportverein und trainiere Radfahren.,"Ich wende mich an das Finanzamt, weil ich als Steuerzahlerin/Steuerzahler ein Recht auf die Buslinie habe.",Ich schreibe einen Brief an das Forstamt der Gemeinde.,Ich beteilige mich an einer Bürgerinitiative für die Erhaltung der Buslinie oder gründe selber eine Initiative.
Wen vertreten die Gewerkschaften in Deutschland?,große Unternehmen,kleine Unternehmen,Selbstständige,Arbeitnehmerinnen und Arbeitnehmer,Arbeitnehmerinnen und Arbeitnehmer
Sie gehen in Deutschland zum Arbeitsgericht bei …,falscher Nebenkostenabrechnung.,ungerechtfertigter Kündigung durch Ihre Chefin/Ihren Chef.,Problemen mit den Nachbarinnen/Nachbarn.,Schwierigkeiten nach einem Verkehrsunfall.,ungerechtfertigter Kündigung durch Ihre Chefin/Ihren Chef.
Welches Gericht ist in Deutschland bei Konflikten in der Arbeitswelt zuständig?,das Familiengericht,das Strafgericht,das Arbeitsgericht,das Amtsgericht,das Arbeitsgericht
"Was kann ich in Deutschland machen, wenn mir meine Arbeitgeberin/mein Arbeitgeber zu Unrecht gekündigt hat?",weiterarbeiten und freundlich zur Chefin/zum Chef sein,ein Mahnverfahren gegen die Arbeitgeberin/den Arbeitgeber führen,Kündigungsschutzklage erheben,die Arbeitgeberin/den Arbeitgeber bei der Polizei anzeigen,Kündigungsschutzklage erheben
Wann kommt es in Deutschland zu einem Prozess vor Gericht? Wenn jemand …,zu einer anderen Religion übertritt.,eine Straftat begangen hat und angeklagt wird.,eine andere Meinung als die der Regierung vertritt.,sein Auto falsch geparkt hat und es abgeschleppt wird.,eine Straftat begangen hat und angeklagt wird.
Was macht eine Schöffin/ein Schöffe in Deutschland? Sie/Er …,entscheidet mit Richterinnen/Richtern über Schuld und Strafe.,gibt Bürgerinnen/Bürgern rechtlichen Rat.,stellt Urkunden aus.,verteidigt die Angeklagte/den Angeklagten.,entscheidet mit Richterinnen/Richtern über Schuld und Strafe.
Wer berät in Deutschland Personen bei Rechtsfragen und vertritt sie vor Gericht?,eine Rechtsanwältin/ein Rechtsanwalt,eine Richterin/ein Richter,eine Schöffin/ein Schöffe,eine Staatsanwältin/ein Staatsanwalt,eine Rechtsanwältin/ein Rechtsanwalt
Was ist die Hauptaufgabe einer Richterin/eines Richters in Deutschland? Eine Richterin/ein Richter …,vertritt Bürgerinnen und Bürger vor einem Gericht.,arbeitet an einem Gericht und spricht Urteile.,ändert Gesetze.,betreut Jugendliche vor Gericht.,arbeitet an einem Gericht und spricht Urteile.
Eine Richterin/ein Richter in Deutschland gehört zur …,Judikative.,Exekutive.,Operative.,Legislative.,Judikative.
Eine Richterin/ein Richter gehört in Deutschland zur …,vollziehenden Gewalt.,rechtsprechenden Gewalt.,planenden Gewalt.,gesetzgebenden Gewalt.,rechtsprechenden Gewalt.
In Deutschland wird die Staatsgewalt geteilt. Für welche Staatsgewalt arbeitet eine Richterin/ein Richter? Für die …,Judikative,Exekutive,Presse,Legislative,Judikative
Wie nennt man in Deutschland ein Verfahren vor einem Gericht?,Programm,Prozedur,Protokoll,Prozess,Prozess
Was ist die Arbeit einer Richterin/eines Richters in Deutschland?,Deutschland regieren,Recht sprechen,Pläne erstellen,Gesetze erlassen,Recht sprechen
Was ist eine Aufgabe der Polizei in Deutschland?,das Land zu verteidigen,die Bürgerinnen und Bürger abzuhören,die Gesetze zu beschließen,die Einhaltung von Gesetzen zu überwachen,die Einhaltung von Gesetzen zu überwachen
Wer kann Gerichtsschöffin/Gerichtsschöffe in Deutschland werden?,Alle in Deutschland geborenen Einwohnerinnen/Einwohner über 18 Jahre,Alle deutschen Staatsangehörigen älter als 24 und jünger als 70 Jahre,"Alle Personen, die seit mindestens 5 Jahren in Deutschland leben",Nur Personen mit einem abgeschlossenen Jurastudium,Alle deutschen Staatsangehörigen älter als 24 und jünger als 70 Jahre
Eine Gerichtsschöffin/ein Gerichtsschöffe in Deutschland ist …,die Stellvertreterin/der Stellvertreter des Stadtoberhaupts.,eine ehrenamtliche Richterin/ein ehrenamtlicher Richter.,ein Mitglied eines Gemeinderats.,"eine Person, die Jura studiert hat.",eine ehrenamtliche Richterin/ein ehrenamtlicher Richter.
Wer baute die Mauer in Berlin?,Großbritannien,die DDR,die Bundesrepublik Deutschland,die USA,die DDR
Wann waren die Nationalsozialisten mit Adolf Hitler in Deutschland an der Macht?,1918 bis 1923,1932 bis 1950,1933 bis 1945,1945 bis 1989,1933 bis 1945
Was war am 8. Mai 1945?,Tod Adolf Hitlers,Beginn des Berliner Mauerbaus,Wahl von Konrad Adenauer zum Bundeskanzler,Ende des Zweiten Weltkriegs in Europa,Ende des Zweiten Weltkriegs in Europa
Wann war der Zweite Weltkrieg zu Ende?,1933,1945,1949,1961,1945
Wann waren die Nationalsozialisten in Deutschland an der Macht?,1888 bis 1918,1921 bis 1934,1933 bis 1945,1949 bis 1963,1933 bis 1945
In welchem Jahr wurde Hitler Reichskanzler?,1923,1927,1933,1936,1933
Die Nationalsozialisten mit Adolf Hitler errichteten 1933 in Deutschland …,eine Diktatur.,einen demokratischen Staat.,eine Monarchie.,ein Fürstentum.,eine Diktatur.
"Das ""Dritte Reich"" war eine …",Diktatur.,Demokratie.,Monarchie.,Räterepublik.,Diktatur.
Was gab es in Deutschland nicht während der Zeit des Nationalsozialismus?,freie Wahlen,Pressezensur,willkürliche Verhaftungen,Verfolgung von Juden,freie Wahlen
Welcher Krieg dauerte von 1939 bis 1945?,der Erste Weltkrieg,der Zweite Weltkrieg,der Vietnamkrieg,der Golfkrieg,der Zweite Weltkrieg
Was kennzeichnete den NS-Staat? Eine Politik …,des staatlichen Rassismus,der Meinungsfreiheit,der allgemeinen Religionsfreiheit,der Entwicklung der Demokratie,des staatlichen Rassismus
Claus Schenk Graf von Stauffenberg wurde bekannt durch …,eine Goldmedaille bei den Olympischen Spielen 1936.,den Bau des Reichstagsgebäudes.,den Aufbau der Wehrmacht.,das Attentat auf Hitler am 20. Juli 1944.,das Attentat auf Hitler am 20. Juli 1944.
In welchem Jahr zerstörten die Nationalsozialisten Synagogen und jüdische Geschäfte in Deutschland?,1925,1930,1938,1945,1938
Was passierte am 9. November 1938 in Deutschland?,Mit dem Angriff auf Polen beginnt der Zweite Weltkrieg.,Die Nationalsozialisten verlieren eine Wahl und lösen den Reichstag auf.,Jüdische Geschäfte und Synagogen werden durch Nationalsozialisten und ihre Anhänger zerstört.,Hitler wird Reichspräsident und lässt alle Parteien verbieten.,Jüdische Geschäfte und Synagogen werden durch Nationalsozialisten und ihre Anhänger zerstört.
Wie hieß der erste Bundeskanzler der Bundesrepublik Deutschland?,Konrad Adenauer,Kurt Georg Kiesinger,Helmut Schmidt,Willy Brandt,Konrad Adenauer
"Bei welchen Demonstrationen in Deutschland riefen die Menschen ""Wir sind das Volk""?",beim Arbeiteraufstand 1953 in der DDR,bei den Demonstrationen 1968 in der Bundesrepublik Deutschland,bei den Anti-Atomkraft-Demonstrationen 1985 in der Bundesrepublik Deutschland,bei den Montagsdemonstrationen 1989 in der DDR,bei den Montagsdemonstrationen 1989 in der DDR
"Welche Länder wurden nach dem Zweiten Weltkrieg in Deutschland als ""Alliierte Besatzungsmächte"" bezeichnet?","Sowjetunion, Großbritannien, Polen, Schweden","Frankreich, Sowjetunion, Italien, Japan","USA, Sowjetunion, Spanien, Portugal","USA, Sowjetunion, Großbritannien, Frankreich","USA, Sowjetunion, Großbritannien, Frankreich"
"Welches Land war keine ""Alliierte Besatzungsmacht"" in Deutschland?",USA,Sowjetunion,Frankreich,Japan,Japan
Wann wurde die Bundesrepublik Deutschland gegründet?,1939,1945,1949,1951,1949
Was gab es während der Zeit des Nationalsozialismus in Deutschland?,das Verbot von Parteien,das Recht zur freien Entfaltung der Persönlichkeit,Pressefreiheit,den Schutz der Menschenwürde,das Verbot von Parteien
"Soziale Marktwirtschaft bedeutet, die Wirtschaft …",steuert sich allein nach Angebot und Nachfrage.,"wird vom Staat geplant und gesteuert, Angebot und Nachfrage werden nicht berücksichtigt.",richtet sich nach der Nachfrage im Ausland.,"richtet sich nach Angebot und Nachfrage, aber der Staat sorgt für einen sozialen Ausgleich.","richtet sich nach Angebot und Nachfrage, aber der Staat sorgt für einen sozialen Ausgleich."
In welcher Besatzungszone wurde die DDR gegründet? In der …,amerikanischen Besatzungszone,französischen Besatzungszone,britischen Besatzungszone,sowjetischen Besatzungszone,sowjetischen Besatzungszone
Die Bundesrepublik Deutschland ist ein Gründungsmitglied …,des Nordatlantikpakts (NATO).,der Vereinten Nationen (VN).,der Europäischen Union (EU).,des Warschauer Pakts.,der Europäischen Union (EU).
Wann wurde die DDR gegründet?,1947,1949,1953,1956,1949
Wie viele Besatzungszonen gab es in Deutschland nach dem Zweiten Weltkrieg?,3,4,5,6,4
Wie waren die Besatzungszonen Deutschlands nach 1945 verteilt?,"1=Großbritannien, 2=Sowjetunion, 3=Frankreich, 4=USA","1=Sowjetunion, 2=Großbritannien, 3=USA, 4=Frankreich","1=Großbritannien, 2=Sowjetunion, 3=USA, 4=Frankreich","1=Großbritannien, 2=USA, 3=Sowjetunion, 4=Frankreich","1=Großbritannien, 2=Sowjetunion, 3=USA, 4=Frankreich"
Welche deutsche Stadt wurde nach dem Zweiten Weltkrieg in vier Sektoren aufgeteilt?,München,Berlin,Dresden,Frankfurt/Oder,Berlin
Vom Juni 1948 bis zum Mai 1949 wurden die Bürgerinnen und Bürger von West-Berlin durch eine Luftbrücke versorgt. Welcher Umstand war dafür verantwortlich?,Für Frankreich war eine Versorgung der West-Berliner Bevölkerung mit dem Flugzeug kostengünstiger.,Die amerikanischen Soldatinnen und Soldaten hatten beim Landtransport Angst vor Überfällen.,Für Großbritannien war die Versorgung über die Luftbrücke schneller.,Die Sowjetunion unterbrach den gesamten Verkehr auf dem Landwege.,Die Sowjetunion unterbrach den gesamten Verkehr auf dem Landwege.
Wie endete der Zweite Weltkrieg in Europa offiziell?,mit dem Tod Adolf Hitlers,durch die bedingungslose Kapitulation Deutschlands,mit dem Rückzug der Deutschen aus den besetzten Gebieten,durch eine Revolution in Deutschland,durch die bedingungslose Kapitulation Deutschlands
Der erste Bundeskanzler der Bundesrepublik Deutschland war …,Ludwig Erhard,Willy Brandt,Konrad Adenauer,Gerhard Schröder,Konrad Adenauer
Was wollte Willy Brandt mit seinem Kniefall 1970 im ehemaligen jüdischen Ghetto in Warschau ausdrücken?,Er hat sich den ehemaligen Alliierten unterworfen.,Er bat Polen und die polnischen Juden um Vergebung.,Er zeigte seine Demut vor dem Warschauer Pakt.,Er sprach ein Gebet am Grab des Unbekannten Soldaten.,Er bat Polen und die polnischen Juden um Vergebung.
"Welche Parteien wurden 1946 zwangsweise zur SED vereint, der Einheitspartei der späteren DDR?",KPD und SPD,SPD und CDU,CDU und FDP,KPD und CSU,KPD und SPD
"Wann war in der Bundesrepublik Deutschland das ""Wirtschaftswunder""?",40er Jahre,50er Jahre,70er Jahre,80er Jahre,50er Jahre
"Was nannten die Menschen in Deutschland sehr lange ""Die Stunde Null""?",Damit wird die Zeit nach der Wende im Jahr 1989 bezeichnet.,Damit wurde der Beginn des Zweiten Weltkrieges bezeichnet.,Darunter verstand man das Ende des Zweiten Weltkrieges und den Beginn des Wiederaufbaus.,"Damit ist die Stunde gemeint, in der die Uhr von der Sommerzeit auf die Winterzeit umgestellt wird.",Darunter verstand man das Ende des Zweiten Weltkrieges und den Beginn des Wiederaufbaus.
"Wofür stand der Ausdruck ""Eiserner Vorhang""? Für die Abschottung …",des Warschauer Pakts gegen den Westen,Norddeutschlands gegen Süddeutschland,Nazi-Deutschlands gegen die Alliierten,Europas gegen die USA,des Warschauer Pakts gegen den Westen
"Im Jahr 1953 gab es in der DDR einen Aufstand, an den lange Zeit in der Bundesrepublik Deutschland ein Feiertag erinnerte. Wann war das?",1. Mai,17. Juni,20. Juli,9. November,17. Juni
"Welcher deutsche Staat hatte eine schwarz-rot-goldene Flagge mit Hammer, Zirkel und Ährenkranz?",Preußen,Bundesrepublik Deutschland,"""Drittes Reich""",DDR,DDR
In welchem Jahr wurde die Mauer in Berlin gebaut?,1953,1956,1959,1961,1961
Wann baute die DDR die Mauer in Berlin?,1919,1933,1961,1990,1961
Was bedeutet die Abkürzung DDR?,Dritter Deutscher Rundfunk,Die Deutsche Republik,Dritte Deutsche Republik,Deutsche Demokratische Republik,Deutsche Demokratische Republik
Wann wurde die Mauer in Berlin für alle geöffnet?,1987,1989,1992,1995,1989
Welches heutige deutsche Bundesland gehörte früher zum Gebiet der DDR?,Brandenburg,Bayern,Saarland,Hessen,Brandenburg
Von 1961 bis 1989 war Berlin …,ohne Bürgermeister.,ein eigener Staat.,durch eine Mauer geteilt.,nur mit dem Flugzeug erreichbar.,durch eine Mauer geteilt.
Am 3. Oktober feiert man in Deutschland den Tag der Deutschen …,Einheit.,Nation.,Bundesländer.,Städte.,Einheit.
"Warum nennt man die Zeit im Herbst 1989 in der DDR ""Die Wende""? In dieser Zeit veränderte sich die DDR politisch …",von einer Diktatur zur Demokratie.,von einer liberalen Marktwirtschaft zum Sozialismus.,von einer Monarchie zur Sozialdemokratie.,von einem religiösen Staat zu einem kommunistischen Staat.,Sachsen-Anhalt
Welches heutige deutsche Bundesland gehörte früher zum Gebiet der DDR?,Thüringen,Hessen,Bayern,Bremen,von einer Diktatur zur Demokratie.
Welches heutige deutsche Bundesland gehörte früher zum Gebiet der DDR?,Bayern,Niedersachsen,Sachsen-Anhalt,Baden-Württemberg,Thüringen
"Mit der Abkürzung ""Stasi"" meinte man in der DDR …",das Parlament.,das Ministerium für Staatssicherheit.,eine regierende Partei.,das Ministerium für Volksbildung.,Sachsen-Anhalt
Welches heutige deutsche Bundesland gehörte früher zum Gebiet der DDR?,Hessen,Schleswig-Holstein,Mecklenburg-Vorpommern,Saarland,das Ministerium für Staatssicherheit.
"Welche der folgenden Auflistungen enthält nur Bundesländer, die zum Gebiet der früheren DDR gehörten?","Niedersachsen, Nordrhein-Westfalen, Hessen, Schleswig-Holstein, Brandenburg","Mecklenburg-Vorpommern, Brandenburg, Sachsen, Sachsen-Anhalt, Thüringen","Bayern, Baden-Württemberg, Rheinland-Pfalz, Thüringen, Sachsen","Sachsen, Thüringen, Hessen, Niedersachen, Brandenburg",Mecklenburg-Vorpommern
"Zu wem gehörte die DDR im ""Kalten Krieg""?",zu den Westmächten,zum Warschauer Pakt,zur NATO,zu den blockfreien Staaten,"Mecklenburg-Vorpommern, Brandenburg, Sachsen, Sachsen-Anhalt, Thüringen"
Wie hieß das Wirtschaftssystem der DDR?,Marktwirtschaft,Planwirtschaft,Angebot und Nachfrage,Kapitalismus,zum Warschauer Pakt
Wie wurden die Bundesrepublik Deutschland und die DDR zu einem Staat?,Die Bundesrepublik hat die DDR besetzt.,Die heutigen fünf östlichen Bundesländer sind der Bundesrepublik Deutschland beigetreten.,Die westlichen Bundesländer sind der DDR beigetreten.,Die DDR hat die Bundesrepublik Deutschland besetzt.,Planwirtschaft
Mit dem Beitritt der DDR zur Bundesrepublik Deutschland gehören die neuen Bundesländer nun auch …,zur Europäischen Union.,zum Warschauer Pakt.,zur OPEC.,zur Europäischen Verteidigungsgemeinschaft.,Die heutigen fünf östlichen Bundesländer sind der Bundesrepublik Deutschland beigetreten.
"Was bedeutete im Jahr 1989 in Deutschland das Wort ""Montagsdemonstration""?",In der Bundesrepublik waren Demonstrationen nur am Montag erlaubt.,Montags waren Demonstrationen gegen das DDR-Regime.,Am ersten Montag im Monat trafen sich in der Bundesrepublik Deutschland Demonstranten.,Montags demonstrierte man in der DDR gegen den Westen.,zur Europäischen Union.
In welchem Militärbündnis war die DDR Mitglied?,in der NATO,im Rheinbund,im Warschauer Pakt,im Europabündnis,Montags waren Demonstrationen gegen das DDR-Regime.
"Was war die ""Stasi""?","der Geheimdienst im ""Dritten Reich""",eine berühmte deutsche Gedenkstätte,der Geheimdienst der DDR,ein deutscher Sportverein während des Zweiten Weltkrieges,im Warschauer Pakt
Welches war das Wappen der Deutschen Demokratischen Republik?,Bild 1,Bild 2,Bild 3,Bild 4,der Geheimdienst der DDR
Was ereignete sich am 17. Juni 1953 in der DDR?,der feierliche Beitritt zum Warschauer Pakt,landesweite Streiks und ein Volksaufstand,der 1. SED-Parteitag,der erste Besuch Fidel Castros,kein
"Welcher Politiker steht für die ""Ostverträge""?",Helmut Kohl,Willy Brandt,Michail Gorbatschow,Ludwig Erhard,landesweite Streiks und ein Volksaufstand
Wie heißt Deutschland mit vollem Namen?,Bundesrepublik Deutschland,Bundesländer Deutschland,Bundesstaat Deutschland,Bundesbezirk Deutschland,Willy Brandt
Wie viele Einwohner hat Deutschland?,70 Millionen,78 Millionen,83 Millionen,90 Millionen,Bundesrepublik Deutschland
Welche Farben hat die deutsche Flagge?,schwarz-rot-gold,rot-weiß-schwarz,schwarz-rot-grün,schwarz-gelb-rot,83 Millionen
"Wer wird als ""Kanzler der Deutschen Einheit"" bezeichnet?",Gerhard Schröder,Helmut Kohl,Konrad Adenauer,Helmut Schmidt,schwarz-rot-gold
Welches Symbol ist im Plenarsaal des Deutschen Bundestages zu sehen?,der Bundesadler,die Fahne der Stadt Berlin,der Reichsadler,die Reichskrone,Helmut Kohl
In welchem Zeitraum gab es die Deutsche Demokratische Republik (DDR)?,1919 bis 1927,1933 bis 1945,1945 bis 1961,1949 bis 1990,der Bundesadler
Wie viele Bundesländer kamen bei der Wiedervereinigung 1990 zur Bundesrepublik Deutschland hinzu?,4,5,6,7,1949 bis 1990
Die Bundesrepublik Deutschland hat die Grenzen von heute seit …,1933,1949,1971,1990,5
Der 27. Januar ist in Deutschland ein offizieller Gedenktag. Woran erinnert dieser Tag?,an das Ende des Zweiten Weltkrieges,an die Verabschiedung des Grundgesetzes,an die Wiedervereinigung Deutschlands,an die Opfer des Nationalsozialismus,1990
Deutschland ist Mitglied des Schengener Abkommens. Was bedeutet das?,Deutsche können in viele Länder Europas ohne Passkontrolle reisen.,Alle Menschen können ohne Personenkontrolle in Deutschland einreisen.,Deutsche können ohne Passkontrolle in jedes Land reisen.,Deutsche können in jedem Land mit dem Euro bezahlen.,an die Opfer des Nationalsozialismus
Welches Land ist ein Nachbarland von Deutschland?,Ungarn,Portugal,Spanien,Schweiz,Deutsche können in viele Länder Europas ohne Passkontrolle reisen.
Welches Land ist ein Nachbarland von Deutschland?,Rumänien,Bulgarien,Polen,Griechenland,Schweiz
Was bedeutet die Abkürzung EU?,Europäische Unternehmen,Europäische Union,Einheitliche Union,Euro Union,Polen
In welchem anderen Land gibt es eine große deutschsprachige Bevölkerung?,Tschechien,Norwegen,Spanien,Österreich,Europäische Union
Welche ist die Flagge der Europäischen Union?,Bild 1,Bild 2,Bild 3,Bild 4,Österreich
Welches Land ist ein Nachbarland von Deutschland?,Finnland,Dänemark,Norwegen,Schweden,kein
Wie wird der Beitritt der DDR zur Bundesrepublik Deutschland im Jahr 1990 allgemein genannt?,NATO-Osterweiterung,EU-Osterweiterung,Deutsche Wiedervereinigung,Europäische Gemeinschaft,Dänemark
Welches Land ist ein Nachbarland von Deutschland?,Spanien,Bulgarien,Norwegen,Luxemburg,Deutsche Wiedervereinigung
"Das Europäische Parlament wird regelmäßig gewählt, nämlich alle …",5 Jahre,6 Jahre,7 Jahre,8 Jahre,Luxemburg
"Was bedeutet der Begriff ""europäische Integration""?",Damit sind amerikanische Einwanderinnen und Einwanderer in Europa gemeint.,Der Begriff meint den Einwanderungsstopp nach Europa.,Damit sind europäische Auswanderinnen und Auswanderer in den USA gemeint.,Der Begriff meint den Zusammenschluss europäischer Staaten zur EU,5 Jahre
Wer wird bei der Europawahl gewählt?,die Europäische Kommission,"die Länder, die in die EU eintreten dürfen",die Abgeordneten des Europäischen Parlaments,die europäische Verfassung,Der Begriff meint den Zusammenschluss europäischer Staaten zur EU
Welches Land ist ein Nachbarland von Deutschland?,Tschechien,Bulgarien,Griechenland,Portugal,die Abgeordneten des Europäischen Parlaments
Wo ist der Sitz des Europäischen Parlaments?,London,Paris,Berlin,Straßburg,Tschechien
Der damalige französische Staatspräsident François Mitterrand und der damalige deutsche Bundeskanzler Helmut Kohl gedenken in Verdun gemeinsam der Toten beider Weltkriege. Welches Ziel der Europäischen Union wird bei diesem Treffen deutlich?,Freundschaft zwischen England und Deutschland,Reisefreiheit in alle Länder der EU,Frieden und Sicherheit in den Ländern der EU,einheitliche Feiertage in den Ländern der EU,Straßburg
Wie viele Mitgliedstaaten hat die EU heute?,21,23,25,27,Frieden und Sicherheit in den Ländern der EU
"2007 wurde das 50-jährige Jubiläum der ""Römischen Verträge"" gefeiert. Was war der Inhalt der Verträge?",Beitritt Deutschlands zur NATO,Gründung der Europäischen Wirtschaftsgemeinschaft (EWG),Verpflichtung Deutschlands zu Reparationsleistungen,Festlegung der Oder-Neiße-Linie als Ostgrenze,27
An welchen Orten arbeitet das Europäische Parlament?,"Paris, London und Den Haag","Straßburg, Luxemburg und Brüssel","Rom, Bern und Wien","Bonn, Zürich und Mailand",Gründung der Europäischen Wirtschaftsgemeinschaft (EWG)
Durch welche Verträge schloss sich die Bundesrepublik Deutschland mit anderen Staaten zur Europäischen Wirtschaftsgemeinschaft zusammen?,"durch die ""Hamburger Verträge""","durch die ""Römischen Verträge""","durch die ""Pariser Verträge""","durch die ""Londoner Verträge""","Straßburg, Luxemburg und Brüssel"
Seit wann bezahlt man in Deutschland mit dem Euro in bar?,1995,1998,2002,2005,"durch die ""Römischen Verträge"""
"Frau Seger bekommt ein Kind. Was muss sie tun, um Elterngeld zu erhalten?",Sie muss an ihre Krankenkasse schreiben.,Sie muss einen Antrag bei der Elterngeldstelle stellen.,"Sie muss nichts tun, denn sie bekommt automatisch Elterngeld.",Sie muss das Arbeitsamt um Erlaubnis bitten.,2002
"Wer entscheidet, ob ein Kind in Deutschland in den Kindergarten geht?",der Staat,die Bundesländer,die Eltern/die Erziehungsberechtigten,die Schulen,Sie muss einen Antrag bei der Elterngeldstelle stellen.
Maik und Sybille wollen mit Freunden an ihrem deutschen Wohnort eine Demonstration auf der Straße abhalten. Was müssen sie vorher tun?,Sie müssen die Demonstration anmelden.,Sie müssen nichts tun. Man darf in Deutschland jederzeit überall demonstrieren.,"Sie können gar nichts tun, denn Demonstrationen sind in Deutschland grundsätzlich verboten.","Maik und Sybille müssen einen neuen Verein gründen, weil nur Vereine demonstrieren dürfen.",die Eltern/die Erziehungsberechtigten
"Welchen Schulabschluss braucht man normalerweise, um an einer Universität in Deutschland ein Studium zu beginnen?",das Abitur,ein Diplom,die Prokura,eine Gesellenprüfung,Sie müssen die Demonstration anmelden.
Wer darf in Deutschland nicht als Paar zusammenleben?,Hans (20 Jahre) und Marie (19 Jahre),Tom (20 Jahre) und Klaus (45 Jahre),Sofie (35 Jahre) und Lisa (40 Jahre),Anne (13 Jahre) und Tim (25 Jahre),das Abitur
Ab welchem Alter ist man in Deutschland volljährig?,16,18,19,21,Anne (13 Jahre) und Tim (25 Jahre)
Eine Frau ist schwanger. Sie ist kurz vor und nach der Geburt ihres Kindes vom Gesetz besonders beschützt. Wie heißt dieser Schutz?,Elternzeit,Mutterschutz,Geburtsvorbereitung,Wochenbett,18
Die Erziehung der Kinder ist in Deutschland ist vor allem Aufgabe …,des Staates,der Eltern,der Großeltern,der Schulen,Mutterschutz
Wer ist in Deutschland hauptsächlich verantwortlich für die Kindererziehung?,der Staat,die Eltern,die Verwandten,die Schulen,der Eltern
"In Deutschland hat man die besten Chancen auf einen gut bezahlten Arbeitsplatz, wenn man …",katholisch ist,gut ausgebildet ist,eine Frau ist,Mitglied einer Partei ist,die Eltern
"Wenn man in Deutschland ein Kind schlägt, ...",geht das niemanden etwas an.,geht das nur die Familie etwas an.,kann man dafür nicht bestraft werden.,kann man dafür bestraft werden.,gut ausgebildet ist
In Deutschland ...,darf man zur gleichen Zeit nur mit einer Partnerin/einem Partner verheiratet sein.,kann man mehrere Ehepartnerinnen/Ehepartner gleichzeitig haben.,"darf man nicht wieder heiraten, wenn man einmal verheiratet war.","darf eine Frau nicht wieder heiraten, wenn ihr Mann gestorben ist.",kann man dafür bestraft werden.
"Wo müssen Sie sich anmelden, wenn Sie in Deutschland umziehen?",beim Einwohnermeldeamt,beim Standesamt,beim Ordnungsamt,beim Gewerbeamt,darf man zur gleichen Zeit nur mit einer Partnerin/einem Partner verheiratet sein.
"In Deutschland dürfen Ehepaare sich scheiden lassen. Meistens müssen sie dazu das ""Trennungsjahr"" einhalten. Was bedeutet das?",Der Scheidungsprozess dauert ein Jahr.,"Mann und Frau sind ein Jahr verheiratet, dann ist die Scheidung möglich.",Das Besuchsrecht für die Kinder gilt ein Jahr.,Mann und Frau führen mindestens ein Jahr getrennt ihr eigenes Leben. Danach ist die Scheidung möglich.,beim Einwohnermeldeamt
Bei Erziehungsproblemen können Eltern in Deutschland Hilfe erhalten vom ...,Ordnungsamt.,Schulamt.,Jugendamt.,Gesundheitsamt.,Mann und Frau führen mindestens ein Jahr getrennt ihr eigenes Leben. Danach ist die Scheidung möglich.
Ein Ehepaar möchte in Deutschland ein Restaurant eröffnen. Was braucht es dazu unbedingt?,eine Erlaubnis der Polizei,eine Genehmigung einer Partei,eine Genehmigung des Einwohnermeldeamts,eine Gaststättenerlaubnis von der zuständigen Behörde,Jugendamt.
Eine erwachsene Frau möchte in Deutschland das Abitur nachholen. Das kann sie an ...,einer Hochschule.,einem Abendgymnasium.,einer Hauptschule.,einer Privatuniversität.,eine Gaststättenerlaubnis von der zuständigen Behörde
Was darf das Jugendamt in Deutschland?,"Es entscheidet, welche Schule das Kind besucht.","Es kann ein Kind, das geschlagen wird oder hungern muss, aus der Familie nehmen.",Es bezahlt das Kindergeld an die Eltern.,"Es kontrolliert, ob das Kind einen Kindergarten besucht.",einem Abendgymnasium.
Das Berufsinformationszentrum BIZ bei der Bundesagentur für Arbeit in Deutschland hilft bei der ...,Rentenberechnung.,Lehrstellensuche.,Steuererklärung.,Krankenversicherung.,"Es kann ein Kind, das geschlagen wird oder hungern muss, aus der Familie nehmen."
In Deutschland hat ein Kind in der Schule ...,Recht auf unbegrenzte Freizeit.,Wahlfreiheit für alle Fächer.,Anspruch auf Schulgeld.,Anwesenheitspflicht.,Lehrstellensuche
Ein Mann möchte mit 30 Jahren in Deutschland sein Abitur nachholen. Wo kann er das tun? An ...,einer Hochschule.,einem Abendgymnasium.,einer Hauptschule.,einer Privatuniversität.,Anwesenheitspflicht.
Was bedeutet in Deutschland der Grundsatz der Gleichbehandlung?,Niemand darf z.B. wegen einer Behinderung benachteiligt werden.,"Man darf andere Personen benachteiligen, wenn ausreichende persönliche Gründe hierfür vorliegen.","Niemand darf gegen Personen klagen, wenn sie benachteiligt wurden.","Es ist für alle Gesetz, benachteiligten Gruppen jährlich Geld zu spenden.",einem Abendgymnasium.
"In Deutschland sind Jugendliche ab 14 Jahren strafmündig. Das bedeutet: Jugendliche, die 14 Jahre und älter sind und gegen Strafgesetze verstoßen, ...",werden bestraft.,werden wie Erwachsene behandelt.,teilen die Strafe mit ihren Eltern.,werden nicht bestraft.,Niemand darf z.B. wegen einer Behinderung benachteiligt werden.
Zu welchem Fest tragen Menschen in Deutschland bunte Kostüme und Masken?,am Rosenmontag,am Maifeiertag,beim Oktoberfest,an Pfingsten,werden bestraft.
"Wohin muss man in Deutschland zuerst gehen, wenn man heiraten möchte?",zum Einwohnermeldeamt,zum Ordnungsamt,zur Agentur für Arbeit,zum Standesamt,am Rosenmontag
Wann beginnt die gesetzliche Nachtruhe in Deutschland?,wenn die Sonne untergeht,wenn die Nachbarn schlafen gehen,"um 0 Uhr, Mitternacht",um 22 Uhr,zum Standesamt
"Eine junge Frau in Deutschland, 22 Jahre alt, lebt mit ihrem Freund zusammen. Die Eltern der Frau finden das nicht gut, weil ihnen der Freund nicht gefällt. Was können die Eltern tun?",Sie müssen die Entscheidung der volljährigen Tochter respektieren.,"Sie haben das Recht, die Tochter in die elterliche Wohnung zurückzuholen.",Sie können zur Polizei gehen und die Tochter anzeigen.,Sie suchen einen anderen Mann für die Tochter.,um 22 Uhr
"Eine junge Frau will den Führerschein machen. Sie hat Angst vor der Prüfung, weil ihre Muttersprache nicht Deutsch ist. Was ist richtig?","Sie muss mindestens zehn Jahre in Deutschland leben, bevor sie den Führerschein machen kann.","Wenn sie kein Deutsch kann, darf sie keinen Führerschein haben.","Sie muss den Führerschein in dem Land machen, in dem man ihre Sprache spricht.",Sie kann die Theorie-Prüfung vielleicht in ihrer Muttersprache machen. Es gibt mehr als zehn Sprachen zur Auswahl.,Sie müssen die Entscheidung der volljährigen Tochter respektieren.
In Deutschland haben Kinder ab dem Alter von drei Jahren bis zur Ersteinschulung einen Anspruch auf ...,monatliches Taschengeld.,einen Platz in einem Sportverein.,einen Kindergartenplatz.,einen Ferienpass.,Sie kann die Theorie-Prüfung vielleicht in ihrer Muttersprache machen. Es gibt mehr als zehn Sprachen zur Auswahl.
Die Volkshochschule in Deutschland ist eine Einrichtung ...,für den Religionsunterricht.,nur für Jugendliche.,zur Weiterbildung.,nur für Rentnerinnen und Rentner.,einen Kindergartenplatz.
Was ist in Deutschland ein Brauch zu Weihnachten?,bunte Eier verstecken,einen Tannenbaum schmücken,sich mit Masken und Kostümen verkleiden,Kürbisse vor die Tür stellen,zur Weiterbildung.
Welche Lebensform ist in Deutschland nicht erlaubt?,Mann und Frau sind geschieden und leben mit neuen Partnern zusammen.,Zwei Frauen leben zusammen.,Ein alleinerziehender Vater lebt mit seinen zwei Kindern zusammen.,Ein Mann ist mit zwei Frauen zur selben Zeit verheiratet.,einen Tannenbaum schmücken
Bei Erziehungsproblemen gehen Sie in Deutschland ...,zur Ärztin/zum Arzt.,zum Gesundheitsamt.,zum Einwohnermeldeamt.,zum Jugendamt.,Ein Mann ist mit zwei Frauen zur selben Zeit verheiratet.
"Sie haben in Deutschland absichtlich einen Brief geöffnet, der an eine andere Person adressiert ist. Was haben Sie nicht beachtet?",das Schweigerecht,das Briefgeheimnis,die Schweigepflicht,die Meinungsfreiheit,zum Jugendamt.
Was braucht man in Deutschland für eine Ehescheidung?,die Einwilligung der Eltern,ein Attest einer Ärztin/eines Arztes,die Einwilligung der Kinder,die Unterstützung einer Anwältin/eines Anwalts,das Briefgeheimnis
"Was sollten Sie tun, wenn Sie von Ihrer Ansprechpartnerin/Ihrem Ansprechpartner in einer deutschen Behörde schlecht behandelt werden?",Ich kann nichts tun.,Ich muss mir diese Behandlung gefallen lassen.,Ich drohe der Person.,Ich kann mich bei der Behördenleiterin/beim Behördenleiter beschweren.,die Unterstützung einer Anwältin/eines Anwalts
"Eine Frau, die ein zweijähriges Kind hat, bewirbt sich in Deutschland um eine Stelle. Was ist ein Beispiel für Diskriminierung? Sie bekommt die Stelle nur deshalb nicht, weil sie ...",kein Englisch spricht.,zu hohe Gehaltsvorstellungen hat.,keine Erfahrungen in diesem Beruf hat.,Mutter ist.,Ich kann mich bei der Behördenleiterin/beim Behördenleiter beschweren.
"Ein Mann im Rollstuhl hat sich auf eine Stelle als Buchhalter beworben. Was ist ein Beispiel für Diskriminierung? Er bekommt die Stelle nur deshalb nicht, weil er ...",im Rollstuhl sitzt.,keine Erfahrung hat.,zu hohe Gehaltsvorstellungen hat.,kein Englisch spricht.,Mutter ist.
"In den meisten Mietshäusern in Deutschland gibt es eine ""Hausordnung"". Was steht in einer solchen ""Hausordnung""? Sie nennt ...",Regeln für die Benutzung öffentlicher Verkehrsmittel.,alle Mieterinnen und Mieter im Haus.,"Regeln, an die sich alle Bewohnerinnen und Bewohner halten müssen.",die Adresse des nächsten Ordnungsamtes.,im Rollstuhl sitzt.
"Wenn Sie sich in Deutschland gegen einen falschen Steuerbescheid wehren wollen, müssen Sie ...",nichts machen.,den Bescheid wegwerfen.,Einspruch einlegen.,"warten, bis ein anderer Bescheid kommt.","Regeln, an die sich alle Bewohnerinnen und Bewohner halten müssen."
Zwei Freunde wollen in ein öffentliches Schwimmbad in Deutschland. Beide haben eine dunkle Hautfarbe und werden deshalb nicht hineingelassen. Welches Recht wird in dieser Situation verletzt? Das Recht auf ...,Meinungsfreiheit,Gleichbehandlung,Versammlungsfreiheit,Freizügigkeit,Einspruch einlegen.
"Welches Ehrenamt müssen deutsche Staatsbürgerinnen und Staatsbürger übernehmen, wenn sie dazu aufgefordert werden?",Vereinstrainerin/Vereinstrainer,Wahlhelferin/Wahlhelfer,Bibliotheksaufsicht,Lehrerin/Lehrer,Gleichbehandlung
"Was tun Sie, wenn Sie eine falsche Rechnung von einer deutschen Behörde bekommen?",Ich lasse die Rechnung liegen.,Ich lege Widerspruch bei der Behörde ein.,Ich schicke die Rechnung an die Behörde zurück.,Ich gehe mit der Rechnung zum Finanzamt.,Wahlhelferin/Wahlhelfer
"Was man für die Arbeit können muss, ändert sich in Zukunft sehr schnell. Was kann man tun?","Es ist egal, was man lernt.",Erwachsene müssen auch nach der Ausbildung immer weiter lernen.,"Kinder lernen in der Schule alles, was im Beruf wichtig ist. Nach der Schule muss man nicht weiter lernen.","Alle müssen früher aufhören zu arbeiten, weil sich alles ändert.",Ich lege Widerspruch bei der Behörde ein.
Frau Frost arbeitet als fest angestellte Mitarbeiterin in einem Büro. Was muss sie nicht von ihrem Gehalt bezahlen?,Lohnsteuer,Beiträge zur Arbeitslosenversicherung,Beiträge zur Renten- und Krankenversicherung,Umsatzsteuer,Erwachsene müssen auch nach der Ausbildung immer weiter lernen.
Welche Organisation in einer Firma hilft den Arbeitnehmerinnen und Arbeitnehmern bei Problemen mit der Arbeitgeberin/dem Arbeitgeber?,der Betriebsrat,die Betriebsprüferin/der Betriebsprüfer,die Betriebsgruppe,das Betriebsmanagement,Umsatzsteuer
Sie möchten bei einer Firma in Deutschland ihr Arbeitsverhältnis beenden. Was müssen Sie beachten?,die Gehaltszahlungen,die Arbeitszeit,die Kündigungsfrist,die Versicherungspflicht,der Betriebsrat
Bei welchem Amt muss man in Deutschland in der Regel seinen Hund anmelden?,beim Finanzamt,beim Einwohnermeldeamt,bei der Kommune (Stadt oder Gemeinde),beim Gesundheitsamt,die Kündigungsfrist
"Ein Mann mit dunkler Hautfarbe bewirbt sich um eine Stelle als Kellner in einem Restaurant in Deutschland. Was ist ein Beispiel für Diskriminierung? Er bekommt die Stelle nur deshalb nicht, weil ...",seine Deutschkenntnisse zu gering sind.,er zu hohe Gehaltsvorstellungen hat.,er eine dunkle Haut hat.,er keine Erfahrungen im Beruf hat.,bei der Kommune (Stadt oder Gemeinde)
"Sie haben in Deutschland einen Fernseher gekauft. Zu Hause packen Sie den Fernseher aus, doch er funktioniert nicht. Der Fernseher ist kaputt. Was können Sie machen?",eine Anzeige schreiben,den Fernseher reklamieren,das Gerät ungefragt austauschen,die Garantie verlängern,er eine dunkle Haut hat.
"Warum muss man in Deutschland bei der Steuererklärung aufschreiben, ob man zu einer Kirche gehört oder nicht? Weil ...","es eine Kirchensteuer gibt, die an die Einkommen- und Lohnsteuer geknüpft ist.",das für die Statistik in Deutschland wichtig ist.,"man mehr Steuern zahlen muss, wenn man nicht zu einer Kirche gehört.",die Kirche für die Steuererklärung verantwortlich ist.,den Fernseher reklamieren
Die Menschen in Deutschland leben nach dem Grundsatz der religiösen Toleranz. Was bedeutet das?,Es dürfen keine Moscheen gebaut werden.,Alle Menschen glauben an Gott.,"Jeder kann glauben, was er möchte.","Der Staat entscheidet, an welchen Gott die Menschen glauben.","es eine Kirchensteuer gibt, die an die Einkommen- und Lohnsteuer geknüpft ist."
Was ist in Deutschland ein Brauch zu Ostern?,Kürbisse vor die Tür stellen,einen Tannenbaum schmücken,Eier bemalen,Raketen in die Luft schießen,"Jeder kann glauben, was er möchte."
Pfingsten ist ein ...,christlicher Feiertag.,deutscher Gedenktag.,internationaler Trauertag.,bayerischer Brauch.,Eier bemalen
Welche Religion hat die europäische und deutsche Kultur geprägt?,der Hinduismus,das Christentum,der Buddhismus,der Islam,christlicher Feiertag.
In Deutschland nennt man die letzten vier Wochen vor Weihnachten ...,den Buß- und Bettag.,das Erntedankfest.,die Adventszeit.,Allerheiligen.,das Christentum
Aus welchem Land sind die meisten Migrantinnen und Migranten nach Deutschland gekommen?,Italien,Polen,Marokko,Türkei,die Adventszeit.
In der DDR lebten vor allem Migrantinnen und Migranten aus ...,"Vietnam, Polen, Mosambik.","Frankreich, Rumänien, Somalia.","Chile, Ungarn, Simbabwe.","Nordkorea, Mexiko, Ägypten",Türkei
"Ausländische Arbeitnehmerinnen und Arbeitnehmer, die in den 50er und 60er Jahren von der Bundesrepublik Deutschland angeworben wurden, nannte man ...",Schwarzarbeiterinnen/Schwarzarbeiter.,Gastarbeiterinnen/Gastarbeiter.,Zeitarbeiterinnen/Zeitarbeiter.,Schichtarbeiterinnen/Schichtarbeiter.,"Vietnam, Polen, Mosambik."
Aus welchem Land kamen die ersten Gastarbeiterinnen und Gastarbeiter nach Bundesrepublik Deutschland?,Italien,Spanien,Portugal,Türkei,Gastarbeiterinnen/Gastarbeiter.
,,,,,Italien
Welches Wappen gehört zum Bundesland Baden-Württemberg?,Bild 1,Bild 2,Bild 3,Bild 4,kein
Welches ist ein Landkreis in Baden-Württemberg?,Mecklenburgische Seenplatte,Neckar-Odenwald-Kreis,Nordfriesland,Altötting,Neckar-Odenwald-Kreis
Für wie viele Jahre wird der Landtag in Baden-Württemberg gewählt?,3,4,5,6,5
Ab welchem Alter darf man in Baden-Württemberg bei Kommunalwahlen wählen?,14,16,18,20,16
Welche Farben hat die Landesflagge von Baden-Württemberg?,blau-weiß-rot,schwarz-gold,weiß-blau,grün-weiß-rot,schwarz-gold
Wo können Sie sich in Baden-Württemberg über politische Themen informieren?,beim Ordnungsamt der Gemeinde,bei der Verbraucherzentrale,bei der Landeszentrale für politische Bildung,bei den Kirchen,bei der Landeszentrale für politische Bildung
Die Landeshauptstadt von Baden-Württemberg heißt …,Heidelberg.,Stuttgart.,Karlsruhe.,Mannheim.,Stuttgart.
Welches Bundesland ist Baden-Württemberg?,1,2,3,4,2
Wie nennt man die Regierungschefin/den Regierungschef in Baden-Württemberg?,Erste Ministerin/Erster Minister,Premierministerin/Premierminister,Bürgermeisterin/Bürgermeister,Ministerpräsidentin/Ministerpräsident,Ministerpräsidentin/Ministerpräsident
Welche Ministerin/welchen Minister hat Baden-Württemberg nicht?,Finanzministerin/Finanzminister,Justizministerin/Justizminister,Innenministerin/Innenminister,Außenministerin/Außenminister,Außenministerin/Außenminister